TotalSF,TotalBathrooms,BedroomAbvGr,PredictedPrice
1778.0,1.0,2,104971.66623406245
2658.0,1.5,3,163701.68361402507
2557.0,2.5,3,183666.94357556888
2530.0,2.5,3,181892.85106634698
2560.0,2.0,2,182956.32196016007
2418.0,2.5,3,174533.65250957457
2355.0,3.0,3,183694.9433657067
2254.0,2.5,3,163757.6831943007
2641.0,2.5,2,201579.43953214242
1764.0,2.0,2,130653.44650309911
2742.0,3.0,2,221516.69970354842
1470.0,1.5,2,98034.71024725497
1617.0,1.5,3,95300.5613140245
2311.0,2.5,3,167502.98960265808
1672.0,1.0,2,98006.71045711714
3924.0,2.5,3,273488.59024617483
3088.0,2.0,3,205256.58954594997
3396.0,2.0,3,225494.38557707408
3644.0,2.0,3,241789.75380992726
5542.0,3.5,3,406404.40662818064
3921.0,3.5,3,299893.14894489443
2740.0,2.0,2,194783.60535497285
2648.0,2.0,3,176345.45235862985
2290.0,2.0,2,165215.3968679409
1758.0,3.5,3,157768.6268172276
2580.0,2.5,3,185178.20756490607
4104.0,2.5,4,272922.77660199336
3190.0,2.0,2,224351.8138420048
2436.0,2.0,2,174808.6378437335
2936.0,3.0,2,234263.8829179578
2490.0,2.5,3,179264.56586749968
1828.0,1.0,2,108257.02273262157
2702.0,3.0,3,206495.3174657069
3580.0,3.5,4,265093.9205857272
3615.0,3.5,4,267393.67013471853
2976.0,3.0,2,236892.16811680509
2520.0,2.5,2,193628.8768056294
1800.0,2.5,2,146319.74322637828
1800.0,3.5,2,172921.4233150115
1836.0,3.5,2,175286.87999397406
2268.0,3.5,2,203672.36014152472
1610.0,2.5,2,133835.38853185368
3060.0,2.5,1,241503.82402906197
2823.0,3.5,3,227746.72023653652
2984.0,3.0,3,225024.72811758023
3658.0,3.0,4,256918.2366791628
3775.0,3.5,4,277906.8109301077
3115.0,3.5,3,246933.20218812174
2360.0,2.0,4,145028.70188793514
2464.0,2.5,3,177556.18048824894
2418.0,2.0,3,161232.81246525797
3020.0,3.0,3,227390.1847965428
2308.0,2.0,3,154005.02816842793
3456.0,4.0,6,245460.8824356287
3601.0,2.0,3,238964.34722116642
2338.0,2.0,3,155976.2420675634
2208.0,2.0,2,159827.41221030397
3208.0,2.0,4,200748.34810349758
2960.0,3.0,3,223447.7569982719
2286.0,2.0,3,152559.47130906192
2412.0,1.0,3,134236.88959679767
2824.0,2.5,3,201210.7472778745
2169.0,1.0,3,118270.05701380043
1928.0,1.5,2,128128.5757740564
1944.0,1.0,3,103485.95277028444
1976.0,2.0,2,144583.35805698973
1561.0,1.5,2,104014.05907463255
2040.0,2.0,3,136395.51733615113
2350.0,1.5,3,143463.887582901
2790.0,2.0,2,198068.96185353198
2553.0,2.0,3,170103.27501136754
1872.0,2.0,2,137749.8165399868
2694.0,2.5,3,192668.82038162084
2078.0,1.0,3,112290.70818642285
2660.0,1.0,3,150532.25782965083
2253.0,1.0,3,123789.45593137972
1510.0,1.0,2,87362.15540178564
2496.0,2.0,3,166357.96860301017
2614.0,3.0,3,200713.09002824288
3096.0,2.0,4,193389.14954672518
2208.0,1.5,2,146526.57216598737
2600.0,1.5,3,159890.67007569651
3176.0,1.5,3,197737.9769390974
1530.0,2.0,2,115277.9780898425
1740.0,2.0,2,129076.47538379076
1768.0,2.0,3,118523.17798398959
2288.0,1.5,3,139390.04552468768
2196.0,1.5,3,133344.98956733893
1568.0,1.0,2,91173.1689401142
2464.0,2.0,4,151862.24340493808
2192.0,2.0,2,158776.09813076505
2850.0,1.5,4,163924.35552949779
2340.0,1.5,3,142806.81628318917
1986.0,1.5,3,119546.4922733907
3097.0,2.0,3,205847.95371569062
1913.0,1.5,3,114749.87178549441
2604.0,2.0,3,173454.33863989785
1519.0,1.0,3,75560.42253253204
2591.0,1.5,4,146906.20886696162
2536.0,3.0,2,207981.03092948493
3664.0,4.0,4,283914.15954762313
1756.0,2.0,3,117734.69242433543
1728.0,2.0,2,128287.98982413657
2692.0,2.0,3,179236.56607736187
2160.0,1.5,4,118586.43584938213
2903.0,2.5,1,231187.80462358636
1416.0,1.0,2,81185.68518449452
3098.0,3.5,4,233423.08393961738
2582.0,2.5,4,172916.52478585418
1737.0,2.0,3,116486.25695488296
1925.0,1.0,3,102237.517300832
2344.0,2.0,3,156370.4848473905
3016.0,2.0,1,225311.87026601334
2548.0,2.0,3,169774.73936151163
2866.0,2.5,1,228756.64081465264
2748.0,3.0,3,209517.84544438127
2444.0,2.0,2,175334.29488350297
2121.0,2.0,3,141717.79486381687
1835.0,2.0,2,135318.65273105307
2570.0,2.5,3,184521.13626519425
2052.0,2.5,3,150484.84294012192
1752.0,2.0,3,117471.8639044507
3956.0,3.5,3,302192.8984938859
3138.0,2.5,4,209449.68904983148
1696.0,2.0,1,138578.45870405296
640.0,1.0,2,30196.95232685721
1373.0,1.0,3,65967.18155673945
2392.0,2.0,3,159524.42708600723
1864.0,1.0,2,110622.4794115841
2104.0,2.0,3,140600.77365430677
1920.0,1.0,3,101908.98165097609
2403.0,2.0,2,172640.3025546845
1712.0,2.0,2,127236.67574459765
2650.0,3.0,6,165899.2555902227
2560.0,2.0,3,170563.22492116582
3661.0,2.5,4,243814.51802475972
3209.0,2.5,5,201721.79823879115
2075.0,3.5,3,178597.78701809232
2016.0,2.0,1,159604.74029483122
2382.0,2.0,2,171260.45282528966
1020.0,1.0,1,67558.75875490066
1736.0,1.0,2,102211.96677527281
1708.0,1.0,3,87979.07009708547
3240.0,3.5,2,267539.6904735137
2965.0,3.5,3,237077.13269244443
2528.0,2.5,3,181761.4368064046
4006.0,3.0,5,267391.2208701399
2682.0,3.0,3,205181.17486628325
2428.0,2.0,2,174282.98080396405
1828.0,2.5,3,135766.44582657714
2332.0,2.0,2,167975.09632673056
2860.0,2.0,3,190275.36391252046
2688.0,2.0,3,178973.73755747714
1890.0,2.5,2,152233.38492378467
1638.0,1.5,3,96680.41104341933
1638.0,1.5,3,96680.41104341933
1638.0,1.5,3,96680.41104341933
1738.0,1.0,3,89950.28399622094
1666.0,2.0,2,124214.14776592329
3648.0,5.0,4,309464.5255567174
1898.0,1.5,3,113764.26483592668
2343.0,2.0,5,131518.58363943084
3482.0,4.0,3,284348.5589318621
2949.0,3.5,3,236025.8186129055
1764.0,1.0,2,104051.76641446589
2868.0,3.0,4,205009.60400192888
2553.0,2.5,3,183404.11505568415
3291.0,2.5,4,219502.87993542233
2012.0,2.5,3,147856.55774127462
4730.0,3.0,1,364535.57112525264
2896.0,3.0,2,231635.5977191105
3321.0,3.0,2,259561.12795686288
1766.0,2.5,3,131692.60376836383
2588.0,3.5,3,212305.54469330877
2223.0,3.5,3,188322.44225382726
2371.0,2.0,3,158144.5773566124
3056.0,3.5,3,243056.48151982197
2882.0,2.5,4,192628.66377720883
3098.0,2.0,3,205913.6608456618
3716.0,2.5,4,247428.4101731747
2847.0,2.0,3,189421.1712228951
2810.0,3.5,3,226892.52754691115
2932.0,2.5,3,208307.11731476217
2783.0,2.5,3,198516.75494905605
3242.0,3.0,3,241977.16765014525
2232.0,3.0,3,175612.9663792513
2369.0,2.0,3,158013.16309667003
2360.0,1.5,2,156514.05592160704
2093.0,2.5,3,153178.83526894037
1728.0,2.0,3,115894.89278514232
1728.0,1.0,3,89293.21269650912
1470.0,2.5,2,124636.3903358882
1470.0,2.5,2,124636.3903358882
2352.0,2.5,3,170196.98193147656
2112.0,2.5,2,166820.3677773871
2311.0,2.5,3,167502.98960265808
2352.0,3.0,3,183497.82197579317
2311.0,2.5,3,167502.98960265808
1672.0,1.5,2,111307.55050143374
1984.0,1.5,3,119415.07801344834
4548.0,4.5,4,355300.10248646466
4055.0,3.5,3,308697.9043610329
4040.0,3.0,3,294411.4573671485
5304.0,4.5,2,429760.88682266674
3472.0,2.0,3,230488.12745488394
3564.0,3.0,3,263134.8635008659
4028.0,3.5,5,282137.6177738225
3482.0,3.0,3,257746.87884322894
3035.0,3.0,2,240768.8887851048
3582.0,3.0,3,264317.59184034716
3520.0,3.0,3,260243.74978213382
4904.0,4.0,3,377784.0977508831
3482.0,3.5,4,258654.62184855135
3204.0,2.0,3,212878.6166226071
2716.0,2.0,2,193206.63423566447
2612.0,3.0,1,225367.869846289
2708.0,3.0,2,219282.65728452825
4984.0,3.5,2,382132.92514325527
4400.0,3.5,3,331366.86420109065
3768.0,3.0,2,288932.2150539813
2907.0,2.0,2,205756.69606016026
3424.0,3.0,3,253935.86530490036
2810.0,2.0,2,199383.1044529556
2184.0,2.5,3,159158.18409631794
2235.0,2.5,3,162509.24772484825
2440.0,2.0,2,175071.46636361824
1758.0,2.5,3,131166.9467285944
2498.0,2.5,3,179790.22290726914
2440.0,2.5,3,175979.2093689406
2271.0,3.5,3,191476.384492444
2040.0,3.5,3,176298.03746910093
2874.0,3.5,4,218704.68682607258
1758.0,2.5,3,131166.9467285944
2308.0,3.5,3,193907.54830137774
1814.0,2.5,3,134846.54600698058
3489.0,3.5,4,259114.57175834963
1814.0,2.5,3,134846.54600698058
4142.0,3.5,4,302021.3276295315
4087.0,3.0,3,297499.6924757941
3131.0,3.5,3,247984.51626766066
3405.0,3.5,3,265988.2698797645
3392.0,2.0,3,225231.55705718935
3272.0,2.5,3,230647.54150496412
3404.0,3.0,3,252621.7227054767
2854.0,2.0,3,189881.12113269337
4948.0,3.0,2,366466.6284199761
2872.0,2.0,3,191063.84947217465
2804.0,2.0,3,186595.76463413428
3060.0,2.0,3,203416.7899067569
2820.0,2.0,2,200040.17575266742
2695.0,3.5,3,219336.20760022523
3672.0,2.0,3,243629.55344912037
3314.0,3.0,3,246708.08100807038
3106.0,3.0,3,233040.9979740645
2465.0,3.5,3,204223.56770685333
2436.0,1.5,3,149114.70076042265
2282.0,2.5,3,165597.4828334938
2316.0,1.5,3,141229.8451638808
2647.0,2.5,3,189580.58527297527
3024.0,2.0,3,201051.33322779433
2228.0,1.5,3,135447.61772641676
2228.0,1.5,3,135447.61772641676
2228.0,3.0,3,175350.13785936657
2900.0,2.0,2,205296.74615036199
3035.0,3.5,4,229283.5347514329
2546.0,2.5,3,182944.16514588587
2664.0,2.0,2,189789.86347716302
2294.0,3.5,3,192987.6484817812
2076.0,2.5,3,152061.8140594303
1882.0,2.0,4,113620.6937617101
1960.0,2.0,3,131138.94693845656
1728.0,2.0,3,115894.89278514232
1728.0,1.0,2,101686.30973550335
2044.0,2.0,3,136658.34585603586
1824.0,2.0,3,122202.7772623758
1824.0,1.5,3,108901.9372180592
4028.0,3.0,2,306016.0688464886
2730.0,3.0,3,208335.11710489998
4381.0,2.5,3,303516.74864300503
3452.0,2.5,2,254867.92193877112
2401.0,2.5,1,198202.82537805295
2268.0,3.5,2,203672.36014152472
2143.0,3.5,3,183065.8718561327
3388.0,3.0,2,263963.5056649321
3480.0,1.5,2,230106.04148933105
2891.0,2.5,4,193220.02794694947
2819.0,2.5,3,200882.2116280186
3572.0,2.5,5,225573.48641833026
2624.0,2.5,3,188069.3212836381
2432.0,2.0,3,162152.71228485453
3196.0,2.0,4,199959.8625438434
1728.0,1.5,2,114987.14977981996
3136.0,1.5,3,195109.69174025013
3226.0,3.0,4,228532.75653161207
2552.0,2.5,3,183338.40792571296
1788.0,2.0,2,132230.4176224075
1728.0,1.0,3,89293.21269650912
2402.0,2.0,3,160181.49838571905
2776.0,3.0,3,211357.6450835744
2626.0,2.5,3,188200.73554358046
2584.0,2.5,3,185441.0360847908
2884.0,2.5,4,192760.0780371512
2784.0,2.0,4,172888.52499571638
1920.0,2.0,2,140903.75877860354
3371.0,2.0,2,236244.80436678877
2906.0,3.0,3,219899.57197982806
3129.0,3.0,2,246945.35900239594
2313.0,2.0,3,154333.56381828384
2658.0,1.5,3,163701.68361402507
1976.0,3.0,3,158791.94110662868
2404.0,1.5,3,147012.07260134481
2764.0,1.5,3,170666.63939097038
2400.0,2.0,3,160050.0841257767
3732.0,2.0,4,235178.884208397
2124.0,2.0,3,141914.91625373042
1743.0,1.0,2,102671.91668507109
1586.0,2.0,2,118957.5773682287
2062.0,2.0,2,150234.1712345114
1210.0,1.5,2,80950.85645474761
2226.0,2.5,3,161917.8835551076
2400.0,1.0,3,133448.40403714348
1584.0,1.0,2,92224.48301965311
2028.0,2.5,4,136514.7747818193
1444.0,1.0,2,83025.48482368763
2132.0,1.0,3,115838.89320486668
2626.0,2.0,3,174899.89549926386
2250.0,2.0,4,137800.91759110513
1015.0,2.0,2,81438.80615468371
1566.0,1.0,2,91041.75468017184
1355.0,1.5,1,102871.48733956327
3792.0,3.0,6,240936.79801731269
2760.0,1.5,3,170403.81087108565
2080.0,2.0,3,139023.80253499842
1902.0,2.0,2,139721.03043912226
2210.0,1.0,3,120964.04934261888
1302.0,1.0,2,73695.07236777977
1928.0,1.0,3,102434.63869074555
2082.0,1.0,3,112553.53670630758
1464.0,2.0,2,110941.30751174448
1711.0,2.0,3,114777.87157563222
2293.0,2.0,4,140626.32417986594
1928.0,1.0,3,102434.63869074555
2586.0,1.5,4,146577.6732171057
1882.0,2.0,2,138406.8878396986
2090.0,2.0,3,139680.87383471025
2279.0,1.0,3,125497.84131063044
2916.0,3.0,4,208163.54624054563
1546.0,1.5,3,90635.35508607057
1968.0,2.0,3,131664.60397822602
2248.0,1.5,3,136761.7603258404
2301.0,2.0,4,141151.9812196354
2248.0,1.0,3,123460.92028152381
2096.0,1.5,3,126774.27657022071
1722.0,1.0,2,101292.06695567626
612.0,1.0,1,40750.24972665836
1416.0,1.0,2,81185.68518449452
2187.0,2.0,3,146054.4654419149
2924.0,2.0,3,194480.6202306761
1912.0,2.0,3,127985.00469983983
1440.0,1.0,2,82762.6563038029
2016.0,1.0,3,108216.86612820954
2262.0,1.0,4,111987.72306212611
1042.0,1.0,2,56611.21857527242
2454.0,1.0,3,136996.5890555873
1951.0,2.0,3,130547.58276871592
1610.0,1.0,3,81539.77135990962
1955.0,1.0,2,116601.82823896168
2534.0,2.0,3,168854.8395419151
2144.0,2.0,2,155622.15589214832
2816.0,2.0,3,187384.25019378844
2616.0,2.0,3,174242.82419955204
3168.0,2.0,4,198120.0629046503
2650.0,3.0,4,190685.44966821116
1910.0,1.0,3,101251.91035126426
2884.0,2.5,6,167973.88395916272
2870.0,1.0,3,164330.75512359908
1750.0,2.0,1,142126.6437224968
2101.0,2.5,3,153704.49230870983
1264.0,1.5,2,84499.04147319145
2400.0,6.0,3,266456.8044803095
2304.0,4.0,2,219338.65686480387
1697.0,3.0,4,128066.55480567462
2104.0,1.5,3,127299.93360999017
1490.0,1.5,3,86955.75580768439
2067.0,2.0,4,125776.5128063788
2276.0,1.5,3,138601.5599650335
2896.0,2.0,4,180247.72355248875
660.0,1.0,2,31511.094926280843
1383.0,1.0,2,79017.34989544551
2146.0,2.0,2,155753.5701520907
2386.0,1.5,3,145829.34426186353
2178.0,2.0,3,145463.10127217427
2098.0,3.0,2,179201.30800210714
2115.0,2.5,1,179410.58620629486
1858.0,1.5,2,123529.07667607363
2958.0,3.5,3,236617.18278264615
2016.0,1.0,4,95823.76908921529
2228.0,2.0,6,111569.16665375064
1535.0,2.0,4,90820.31966170992
2323.0,3.0,2,193985.41224562313
1513.0,2.0,4,89374.7628023439
3955.0,7.0,6,358053.78055714816
3955.0,7.0,6,358053.78055714816
3955.0,7.0,6,358053.78055714816
3235.0,2.5,1,253002.57177401884
3440.0,3.0,3,254987.17938443928
2936.0,2.0,3,195269.1057903303
3676.0,3.0,3,270494.0620576383
2572.0,3.0,2,210346.48760844747
2508.0,3.0,2,206141.23129029182
2996.0,2.0,3,199211.53358860122
2126.0,2.5,3,155347.1705579894
3208.0,3.5,3,253043.96527544162
1980.0,2.0,3,132453.0895378802
2926.0,3.0,3,221213.7145792517
2700.0,3.5,3,219664.74325008114
2875.0,3.0,3,217862.6509507214
2984.0,2.0,3,198423.04802894703
1814.0,1.0,3,94944.02587403078
1828.0,2.0,2,134858.7028212548
3180.0,3.0,3,237903.32559193193
3252.0,2.5,4,216940.30186654622
2565.0,2.5,3,184192.60061533834
2814.0,2.5,3,200553.67597816268
2975.0,3.0,2,236826.4609868339
3650.0,3.0,3,268785.67667838756
2834.0,3.0,3,215168.65862190293
3180.0,3.0,3,237903.32559193193
2004.0,2.5,3,147330.90070150516
2163.0,2.0,3,144477.49432260654
1619.0,2.0,2,121125.91265727772
1752.0,1.0,3,90870.1838158175
2446.0,2.0,3,163072.61210445108
3356.0,2.0,6,185686.80926124405
2710.0,1.0,2,166210.7113672042
2018.0,1.0,3,108348.2803881519
2100.0,1.5,3,127037.10509010544
1825.0,1.5,3,108967.64434803039
2048.0,1.0,3,110319.49428728738
1828.0,1.0,3,95863.92569362733
2407.0,2.5,2,186203.97111888582
2546.0,1.0,2,155434.7420519303
3400.0,2.5,5,214271.86006328693
2224.0,2.0,2,160878.7262898429
3122.0,3.0,3,234092.3120536034
2590.0,3.0,3,199136.1189089345
3216.0,2.5,3,226967.9422265779
1548.0,1.0,2,89859.02634069056
1790.0,2.5,2,145662.67192666646
1790.0,1.5,2,119060.99183803325
2554.0,3.5,3,210071.50227428853
4168.0,3.0,3,302821.97000345984
2616.0,2.0,5,149456.63012156356
1144.0,1.0,2,63313.34583233298
3244.0,3.5,2,267802.5189933984
810.0,1.0,1,53760.26146095242
3159.0,2.5,3,223222.63581822056
1828.0,2.0,2,134858.7028212548
2244.0,2.5,2,175493.70893358314
3177.0,3.0,2,250099.3012410126
4226.0,3.0,3,306632.9835417884
3282.0,3.0,3,244605.45284899254
2949.0,2.5,3,209424.13852427228
3124.0,4.5,3,274126.2464464955
2926.0,2.5,3,207912.87453493508
3956.0,3.0,2,301285.15548856347
2016.0,1.0,3,108216.86612820954
2592.0,2.0,3,172665.85308024366
1592.0,1.5,2,106050.98010373917
1475.0,1.5,2,98363.24589711089
1711.0,2.0,2,127170.96861462647
1911.0,1.5,3,114618.45752555205
2416.0,1.5,4,135407.46112200475
2530.0,2.5,3,181892.85106634698
2150.0,2.5,3,156924.14167729777
2530.0,2.5,3,181892.85106634698
2552.0,2.5,3,183338.40792571296
2732.0,3.0,3,208466.53136484235
3346.0,2.5,1,260296.06320082003
2560.0,2.0,2,182956.32196016007
2565.0,2.5,3,184192.60061533834
2545.0,3.5,3,209480.1381045479
2674.0,3.0,2,217048.61486550805
3668.0,3.5,5,258483.05098419698
3768.0,3.0,2,288932.2150539813
3106.0,1.0,3,179837.63779679805
3420.0,3.0,2,266066.1338240099
2976.0,2.5,3,211198.2310334942
3363.0,3.0,2,262320.82741565246
2520.0,3.0,3,194536.61981095176
4112.0,3.0,3,299142.3707250736
3564.0,2.5,3,249834.02345654924
2422.0,3.0,3,188097.3210737759
2782.0,2.5,3,198451.04781908487
2028.0,1.5,3,122306.19173218033
4260.0,3.0,4,296473.9289218144
2888.0,2.0,2,204508.26059070783
3576.0,3.5,4,264831.0920658425
2688.0,3.0,4,193182.3206071161
1872.0,1.0,2,111148.13645135357
1728.0,2.0,3,115894.89278514232
1470.0,2.0,2,111335.55029157158
1470.0,1.5,2,98034.71024725497
1932.0,2.5,3,142599.98734358008
2311.0,2.5,4,155109.89256366383
2110.0,2.0,2,153388.11347312812
3164.0,3.0,3,236852.01151239302
4882.0,3.5,4,350644.6038082063
3900.0,3.0,2,297605.55621017725
4598.0,3.5,4,331983.7788963906
4410.0,3.5,4,319630.8384618083
3745.0,3.5,3,288328.69406996644
3036.0,2.5,4,202747.56179277087
3480.0,3.5,4,258523.207588609
5005.0,3.5,1,395905.87191164435
3178.0,3.0,2,250165.0083709838
4128.0,3.5,4,301101.42780993495
4455.0,2.5,4,295985.97922187834
3724.0,3.0,2,286041.10133524926
2734.0,2.0,2,194389.36257514576
3600.0,3.0,2,277893.41721882264
2684.0,3.0,2,217705.68616521987
2684.0,2.0,2,191104.00607658667
2390.0,2.5,2,185086.94990937572
2870.0,3.0,2,229927.21233985975
2969.0,3.0,2,236432.2182070068
2392.0,2.0,2,171917.52412500148
2304.0,2.5,3,167043.0396928598
2560.0,2.5,3,183864.06496548242
2833.0,2.5,4,189409.0144086209
2708.0,3.0,2,219282.65728452825
2874.0,2.5,3,204496.10377643362
2121.0,2.5,3,155018.63490813348
3359.0,2.5,4,223970.96477346268
2482.0,2.5,3,178738.90882773022
3372.0,2.5,3,237218.2545020823
3691.0,2.5,4,245785.7319238952
3988.0,3.0,2,303387.7836476413
3189.0,3.5,4,239402.43276699493
3743.0,2.5,4,249202.50268239665
3277.0,3.5,4,245184.66020445898
3156.0,3.0,3,236326.3544726236
3202.0,3.0,3,239348.88245129795
2829.0,3.5,3,228140.96301636362
2920.0,2.0,3,194217.79171079138
2735.0,2.0,3,182061.9726661227
3320.0,2.0,3,220500.64369926427
2436.0,3.0,2,201410.3179323667
2531.0,3.5,3,208560.23828495137
2498.0,2.5,3,179790.22290726914
2350.0,2.0,3,156764.7276272176
2324.0,2.0,3,155056.34224796685
2363.0,2.5,3,170919.76036115954
2566.0,3.0,3,197559.14778962612
2489.0,2.5,3,179198.8587375285
2504.0,3.5,3,206786.14577572944
2573.0,3.0,3,198019.0976994244
1968.0,2.0,3,131664.60397822602
1728.0,2.0,3,115894.89278514232
1780.0,2.0,3,119311.66354364378
1728.0,1.0,3,89293.21269650912
2860.0,2.5,3,203576.20395683707
2642.0,2.0,4,163558.1125398085
3613.0,3.5,4,267262.25587477617
4634.0,3.5,4,334349.23557535314
2480.0,2.0,1,190092.84860145973
1800.0,3.5,2,172921.4233150115
2081.0,2.0,2,151482.60670396386
2293.0,3.5,3,192921.94135181
3252.0,3.0,2,255027.3359888513
2620.0,2.5,1,212592.68684174184
2838.0,2.5,2,214523.7441364653
3114.0,3.0,2,245959.7520528282
2076.0,3.5,3,178663.4941480635
2647.0,3.5,3,216182.26536160847
2546.0,3.5,3,209545.84523451907
2567.0,3.5,3,210925.6949639139
3363.0,3.5,2,275621.66745996906
2469.0,2.5,1,202670.91021609333
3938.0,3.0,3,287709.330110088
3097.0,4.0,3,259051.31389295703
2764.0,2.5,3,197268.31947960358
2854.0,2.5,4,190788.86413801572
3480.0,1.5,4,205319.84741134255
3240.0,2.0,4,202850.97626257542
3250.0,2.0,4,203508.04756228725
2196.0,1.5,4,120951.89252834467
1837.0,2.0,3,123056.96995200118
3456.0,2.0,6,192257.5222583623
2495.0,1.5,4,140598.32438972814
1014.0,1.0,2,54771.41893607931
2228.0,2.0,3,148748.45777073337
2236.0,2.0,3,149274.11481050283
1254.0,1.0,2,70541.13012916302
2792.0,2.0,3,185807.2790744801
1909.0,2.0,3,127787.88330992628
2072.0,1.0,3,111896.46540659576
3092.0,2.5,4,206427.16107115708
2352.0,2.0,3,156896.14188715996
2688.0,3.0,2,217968.5146851046
2965.0,2.0,3,197174.6125594946
2208.0,2.0,3,147434.31517130972
1602.0,2.0,2,120008.89144776762
2304.0,1.5,3,140441.3596042266
1934.0,1.0,2,115221.97850956688
2788.0,2.0,3,185544.45055459536
1764.0,2.5,4,119168.09246942721
3648.0,2.0,5,217266.38825182352
869.0,1.0,1,57636.98212925217
1906.0,1.0,3,100989.08183137953
1344.0,1.0,2,76454.77182656941
2328.0,1.5,3,142018.33072353498
1956.0,2.0,3,130876.11841857183
2624.0,1.5,3,161467.6411950049
2162.0,2.0,3,144411.78719263535
1752.0,1.0,2,103263.28085481173
2512.0,2.5,3,180710.1227268657
2054.0,1.5,3,124014.57711143108
2088.0,2.0,3,139549.45957476788
1920.0,2.0,2,140903.75877860354
2132.0,1.0,4,103445.79616587242
3600.0,2.0,6,201719.3489742125
2356.0,1.5,3,143858.1303627281
1650.0,1.5,2,109861.99364206775
2234.0,1.0,3,122541.02046192726
1325.0,2.0,3,89414.91940675591
2103.0,1.0,3,113933.38643570238
2040.0,1.0,2,122186.93428651217
1344.0,1.0,2,76454.77182656941
2184.0,1.5,4,120163.40696869048
2314.0,2.0,3,154399.27094825503
2457.0,2.0,2,176188.4875731283
2676.0,1.0,2,163976.668948184
1958.0,1.5,2,130099.78967319184
2320.0,2.0,3,154793.51372808212
1380.0,1.0,2,78820.22850553197
1764.0,1.0,3,91658.66937547165
2403.0,1.0,3,133645.52542705703
814.0,1.0,1,54023.08998083715
2036.0,2.0,5,111346.4947382779
2424.0,2.0,4,149233.9582060908
2074.0,1.0,3,112027.87966653812
1363.0,1.0,2,77703.20729602186
3323.0,2.0,4,208304.66805018357
2112.0,1.5,3,127825.59064975963
1809.0,1.0,2,107008.5872631691
3808.0,2.0,5,227779.52904721265
1968.0,2.0,2,144057.70101722027
1962.0,1.0,2,117061.77814875996
2151.0,1.0,2,129480.4257133134
2340.0,1.5,3,142806.81628318917
2762.0,2.0,3,183836.0651753446
1882.0,1.0,3,99412.11071207115
1844.0,1.5,3,110216.07981748285
2653.0,1.5,3,163373.14796416915
1898.0,1.0,2,112856.52183060431
2322.0,2.0,3,154924.9279880245
2081.0,2.0,2,151482.60670396386
2005.0,1.0,3,107494.08769852653
1781.0,2.0,3,119377.37067361496
964.5803571428572,103.87053571428572,2,2788053.277657482
1840.0,1.5,2,122346.34833659237
808.0,1.0,1,53628.84720101005
2998.0,2.0,4,186949.85080954933
3002.0,2.0,4,187212.67932943406
2526.0,2.0,4,155936.0854631514
3226.0,2.0,5,189537.97940398465
2405.0,1.0,3,133776.9396869994
1536.0,1.0,1,101463.63782003064
2304.0,1.5,4,128048.26256523235
2544.0,2.0,4,157118.81380263265
2188.0,2.0,2,158513.26961088032
2080.0,1.0,2,124815.21948535947
2004.0,3.0,3,160631.74074582176
1210.0,1.0,1,80043.11344942526
1880.0,2.0,3,125882.376540762
2100.0,1.0,3,113736.26504578884
2056.0,2.0,3,137446.83141569005
2104.0,2.0,3,140600.77365430677
1984.0,2.0,3,132715.91805776494
1484.0,1.5,3,86561.51302785729
2146.0,1.0,3,116758.79302446323
2186.0,2.0,2,158381.85535093796
2440.0,2.0,3,162678.369324624
1920.0,2.0,3,128510.66173960929
2176.0,2.0,1,170117.88109022038
2709.0,3.0,3,206955.26737550518
1926.0,2.5,2,154598.84160274724
1768.0,1.0,3,91921.49789535638
3048.0,3.0,3,229229.9844357359
1649.0,1.0,2,96495.44646777997
3098.0,2.0,2,218306.75788465605
3018.0,2.0,3,200657.09044796723
1728.0,2.0,2,128287.98982413657
1890.0,1.5,3,113238.60779615722
3891.0,3.0,4,272227.99796244816
3228.0,3.5,3,254358.10787486527
3012.0,2.5,4,201170.5906734625
2709.0,2.5,3,193654.42733118858
1984.0,2.5,3,146016.75810208154
3230.0,2.0,3,214587.00200185785
4547.0,3.0,3,327724.9722625378
3517.0,3.5,3,273347.46843653696
2912.0,3.0,3,220293.81475965516
2825.0,3.0,2,226970.39149115654
1980.0,2.0,3,132453.0895378802
2836.0,3.0,3,215300.0728818453
2635.0,3.5,3,215393.77980195428
2434.0,2.5,3,175584.9665891135
2751.0,3.5,3,223015.80687861145
2038.0,2.0,3,136264.10307620876
2152.0,1.5,3,130453.87584860693
2422.0,3.0,2,200490.41811277016
3418.0,2.5,3,240240.7824807567
3304.0,3.5,3,259351.84975267513
3564.0,3.0,3,263134.8635008659
3456.0,2.5,4,230344.55638066737
2614.0,2.5,3,187412.24998392627
1696.0,2.0,1,138578.45870405296
3676.0,4.0,2,309488.8391852657
2890.0,2.0,3,192246.57781165594
3128.0,2.0,3,207884.87474479727
2712.0,2.0,3,180550.70867678552
2184.0,1.0,3,119255.66396336813
1489.0,1.5,3,86890.0486777132
2254.0,2.0,3,150456.8431499841
2146.0,2.0,3,143360.47311309644
2082.0,1.5,3,125854.37675062419
3820.0,106.37053571428572,5,3004999.6163575626
1152.0,2.0,2,90440.68296073565
1152.0,2.0,2,90440.68296073565
1568.0,2.0,2,117774.84902874744
1638.0,1.5,2,109073.50808241357
1137.0,1.5,4,51368.04188886283
1841.0,1.0,2,109111.21542224694
1620.0,1.0,3,82196.84265962144
2241.0,1.5,3,136301.81041604214
2652.0,2.0,2,189001.37791750883
2880.0,5.0,4,259001.4497388495
1960.0,2.0,2,143532.0439774508
1940.0,1.0,3,103223.1242503997
2310.0,3.0,3,180738.1225170035
2387.0,1.0,4,120201.11430852386
2880.0,2.0,4,179196.40947294986
2258.0,1.0,3,124117.99158123563
2182.0,1.5,2,144818.18678673662
2481.0,1.5,4,139678.42457013158
2993.0,3.5,3,238916.93233163748
3796.0,2.5,3,265078.0776098635
1548.0,1.0,2,89859.02634069056
1813.0,2.0,2,133873.09587168705
1810.0,1.0,3,94681.19735414605
1980.0,1.0,4,93458.31241025275
2280.0,1.5,3,138864.38848491822
1432.0,1.0,2,82236.99926403344
3106.0,2.0,4,194046.220846437
733.0,1.0,2,36307.715414177146
1534.0,1.0,2,88939.12652109402
1405.0,1.0,2,80462.90675481151
1456.0,1.5,3,84721.71338866418
3244.0,3.5,2,267802.5189933984
3240.0,3.5,2,267539.6904735137
3872.0,4.0,3,309974.33962062316
2730.0,2.5,3,195034.27706058338
1872.0,3.0,4,139565.3025506315
3369.0,3.0,3,250321.97315648533
2778.0,3.0,2,223882.15638251102
3055.0,3.0,3,229689.9343455342
2700.0,3.5,3,219664.74325008114
1794.0,2.5,3,133532.40340755694
2408.0,2.5,3,173876.58120986275
2990.0,2.0,3,198817.29080877412
2512.0,2.0,3,167409.2826825491
2872.0,3.0,3,217665.52956080786
3341.0,3.0,3,248482.17351729222
3612.0,3.0,3,266288.80573948263
3928.0,3.5,3,300353.09885469277
2688.0,4.0,2,244570.1947737378
2184.0,1.0,2,131648.7610023624
2378.0,3.0,2,197599.30439403813
2400.0,2.0,3,160050.0841257767
2080.0,1.0,3,112422.12244636522
2025.0,2.0,4,123016.81334758914
1514.0,2.0,2,114226.66401030358
1450.0,2.0,1,122414.50473114217
2273.0,2.0,3,151705.27861943655
1638.0,2.5,3,123282.09113205253
1632.0,1.5,2,108679.26530258647
1690.0,1.0,3,86796.34175760418
1753.0,1.0,3,90935.89094578868
2522.0,2.0,4,155673.25694326666
3174.0,2.0,3,210907.40272347163
1768.0,2.5,3,131824.0180283062
2086.0,2.5,3,152718.88535914212
2637.0,3.5,3,215525.19406189665
2244.0,2.5,3,163100.6118945889
3237.0,3.5,5,230163.27796661746
2355.0,2.0,3,157093.2632770735
2545.0,2.5,3,182878.4580159147
2430.0,2.0,3,162021.29802491216
2345.0,3.0,2,195430.96910498914
2633.0,2.0,1,200146.03948705058
3690.0,4.5,4,298923.3849711905
4998.0,3.5,4,358266.63088486344
2524.0,2.5,3,181498.60828651988
3224.0,3.0,2,253187.53634965818
4454.0,2.5,1,333099.5632088898
3784.0,3.0,3,277590.4320945259
2568.0,3.0,3,197690.56204956849
2204.0,2.5,3,160472.3266957416
3193.0,3.0,3,238757.5182815573
2710.0,3.5,4,207928.7175107987
2330.0,2.0,3,155450.58502779395
2612.0,3.0,2,212974.77280729476
2845.0,2.5,2,214983.69404626358
2552.0,2.5,3,183338.40792571296
2961.0,3.5,4,224421.20713356545
2347.0,2.0,3,156567.60623730405
1828.0,1.0,3,95863.92569362733
1828.0,1.0,2,108257.02273262157
2674.0,2.0,2,190446.93477687484
2742.0,3.0,2,221516.69970354842
1617.0,1.5,3,95300.5613140245
1890.0,1.5,4,100845.51075716296
2116.0,2.0,2,153782.35625295521
1976.0,2.0,3,132190.26101799548
3606.0,3.0,3,265894.56295965554
3388.0,2.0,3,224968.72853730462
4230.0,3.5,2,332589.74914498394
4590.0,3.5,3,343851.2188956153
3658.0,2.5,4,243617.39663484617
4040.0,3.5,2,320105.3944504594
5104.0,3.0,3,364323.84365648625
4462.0,2.5,4,296445.92913167656
4610.0,4.5,2,384160.13862266636
3734.0,2.5,3,261004.2355516502
3018.0,3.5,3,240559.61058091704
3604.0,2.5,3,252462.30865539654
4662.0,2.5,5,297194.25808691874
3702.0,3.5,3,285503.28748120554
2713.0,3.5,3,220518.9359397065
3228.0,3.0,3,241057.2678305487
3442.0,3.0,3,255118.59364438165
3126.0,2.5,3,221054.30052917154
2604.0,2.5,1,211541.37276220293
2604.0,2.5,1,211541.37276220293
2724.0,3.0,2,220333.97136406714
3108.0,2.0,2,218963.82918436787
3154.0,3.0,2,248588.03725167547
2648.0,2.0,2,188738.5493976241
2810.0,3.0,2,225984.7845415888
2264.0,3.0,3,177715.59453832914
2304.0,2.5,3,167043.0396928598
2066.0,2.0,3,138103.90271540187
2233.0,2.5,3,162377.83346490588
2444.0,3.5,3,202843.71797745852
2652.0,3.0,3,203209.96096714778
2256.0,2.5,3,163889.09745424308
2184.0,2.5,3,159158.18409631794
2504.0,2.0,3,166883.62564277963
2995.0,3.0,2,238140.6035862575
2532.0,2.0,2,181116.522320967
1954.0,3.0,2,169739.48128625692
1758.0,3.5,3,157768.6268172276
3035.0,2.5,3,215074.95170179394
1778.0,2.5,3,132481.08932801802
2795.0,2.5,4,186912.143469716
2849.0,2.5,4,190460.3284881598
2605.0,3.5,3,213422.56590281887
2585.0,2.5,3,185506.74321476198
4330.0,3.5,4,314374.2680641138
4486.0,3.5,4,324624.58033961814
3971.0,3.5,4,290785.40840445936
3451.0,2.5,4,230016.02073081146
3307.0,3.5,4,247155.87410359445
3863.0,2.5,4,257087.35827893854
2738.0,2.0,3,182259.09405603624
3084.0,3.0,3,231595.44111469848
3058.0,2.0,3,203285.37564681453
3932.0,3.0,1,312101.2814082494
3056.0,4.0,3,256357.32156413855
3076.0,3.0,3,231069.78407492902
3000.0,3.0,3,226076.04219711915
2959.0,2.5,3,210081.2098239841
3132.0,2.5,3,221448.54330899863
2676.0,2.0,3,178185.25199782295
2670.0,2.0,3,177791.00921799586
2688.0,2.5,3,192274.57760179375
2313.0,3.0,3,180935.24390691705
2835.0,3.5,3,228535.2057961907
3158.0,2.0,2,222249.185682927
3370.0,2.0,2,236179.0972368176
3601.0,2.5,4,239872.09022648877
2200.0,1.5,3,133607.81808722366
2286.0,1.5,3,139258.63126474532
2188.0,2.0,3,146120.17257188607
2947.0,2.0,3,195991.8842200133
2684.0,2.5,3,192011.74908190902
1896.0,1.5,2,126025.94761497856
1788.0,2.0,2,132230.4176224075
2080.0,2.5,3,152324.64257931503
3726.0,3.5,3,287080.2586005139
2074.0,2.0,2,151022.65679416558
2099.0,2.0,2,152665.3350434451
2756.0,3.0,2,222436.59952314498
2292.0,3.0,2,191948.49121651647
3076.0,3.0,2,243462.88111392327
2704.0,3.0,2,219019.82876464352
3100.0,2.5,2,231739.01218891505
2245.0,3.5,3,189767.99911319328
2329.0,2.5,3,168685.71794213937
2697.0,2.0,3,179565.10172721779
3102.0,3.5,3,246079.00949849637
3582.0,3.5,3,277618.43188466376
2988.0,2.5,1,236772.91067113684
4364.0,3.5,3,329001.4075221281
4958.0,3.0,2,367123.6997196879
2064.0,2.5,3,151273.3284997761
3419.0,3.5,4,254515.07266036686
2055.0,2.0,3,137381.12428571886
2590.0,2.5,3,185835.2788646179
2734.0,2.0,3,181996.2655361515
3188.0,2.0,2,224220.39958206244
3223.0,3.5,3,254029.57222500935
2186.0,3.0,3,172590.4384005769
2104.0,2.0,3,140600.77365430677
2056.0,2.0,3,137446.83141569005
1224.0,2.0,2,95171.59631866078
1968.0,1.0,2,117456.02092858707
2051.0,2.0,2,149511.39280482839
1928.0,1.0,3,102434.63869074555
1788.0,1.0,3,93235.64049478003
2374.0,2.5,3,171642.53879084255
2084.0,2.0,3,139286.63105488315
2999.0,2.5,5,187923.3009448429
2504.0,1.5,3,153582.78559846303
3244.0,2.5,3,228807.741865771
1730.0,1.0,2,101817.72399544572
1332.0,1.5,2,88967.12631123183
1040.0,2.0,2,83081.48440396327
1616.0,1.0,2,94327.11117873095
2228.0,2.0,2,161141.55480972762
3120.0,2.0,4,194966.12066603356
2073.0,2.5,3,151864.69266951675
2472.0,2.0,3,164780.9974837018
1872.0,2.0,2,137749.8165399868
2016.0,2.0,3,134818.54621684275
2106.0,2.0,3,140732.18791424914
2288.0,1.0,3,126089.20548037108
3052.0,1.0,4,163896.35573935998
1844.0,2.0,2,135910.0169007937
2615.0,1.0,3,147575.43698094765
2432.0,2.0,3,162152.71228485453
2018.0,1.5,3,121649.12043246851
3120.0,2.0,4,194966.12066603356
1896.0,1.0,2,112725.10757066194
2080.0,1.5,3,125722.96249068182
1850.0,2.0,3,123911.16264162652
2730.0,2.0,4,169340.33997727252
1848.0,2.0,3,123779.74838168416
2752.0,2.0,3,183178.9938756328
1848.0,1.0,2,109571.16533204519
2469.0,2.0,3,164583.87609378825
2432.0,2.0,3,162152.71228485453
3752.0,3.5,4,276395.54694077047
2432.0,3.0,1,213540.5864514762
2270.0,1.5,3,138207.31718520643
2376.0,2.5,4,159380.85601179066
1808.0,1.5,3,107850.62313852028
1904.0,2.0,3,127459.34766007037
2102.0,1.5,3,127168.5193500478
2080.0,2.0,3,139023.80253499842
2340.0,1.5,3,142806.81628318917
2484.0,2.5,3,178870.3230876726
2754.0,2.0,3,183310.40813557516
925.0,1.0,3,36530.387329649864
1728.0,1.0,2,101686.30973550335
1832.0,2.0,3,122728.43430214527
1810.0,1.0,2,107074.29439314028
2141.0,1.0,3,116430.25737460732
2044.0,2.0,2,149051.4428950301
1934.0,1.0,2,115221.97850956688
1880.0,1.0,2,111673.79349112303
1854.0,1.0,2,109965.40811187228
1711.0,1.0,3,88176.19148699901
2873.0,2.5,4,192037.2996074682
2497.0,2.5,3,179724.51577729796
2370.0,2.0,4,145685.77318764696
1848.0,1.0,3,97178.06829305095
2576.0,2.0,3,171614.53900070474
2045.0,1.5,3,123423.21294169044
3273.0,2.0,3,217412.4085906187
968.0,1.0,2,51748.89095740495
1382.0,2.0,1,117946.41989310179
1816.0,2.0,1,146463.31430059482
2345.0,2.0,3,156436.19197736168
2002.0,2.0,3,133898.64639724622
1832.0,1.5,3,109427.59425782866
1768.0,1.0,2,104314.59493435062
2270.0,2.5,3,164808.99727383963
1994.0,2.0,4,120979.89231848251
2392.0,1.0,3,132922.74699737402
2037.0,2.0,2,148591.49298523183
3364.0,2.5,4,224299.5004233186
2144.0,1.0,3,116627.37876452086
2066.0,1.0,4,99109.12558777441
2016.0,2.5,3,148119.38626115935
1765.0,2.0,3,118326.05659407604
2183.0,1.0,2,131583.0538723912
3035.0,3.0,5,203589.59766812206
2928.0,1.5,4,169049.51166725
3318.0,1.5,3,207068.38939500527
2123.0,3.0,3,168450.88921239245
2141.0,2.0,3,143031.93746324052
3272.0,2.5,3,230647.54150496412
1954.0,2.0,2,143137.80119762372
1924.0,2.0,3,128773.49025949402
2872.0,2.0,2,203456.9465111689
2010.0,2.0,3,134424.30343701565
2000.0,2.5,3,147068.07218162046
2080.0,2.0,3,139023.80253499842
1636.0,2.0,2,122242.93386678782
1773.0,1.0,3,92250.0335452123
1886.0,2.0,2,138669.71635958334
1824.0,2.0,3,122202.7772623758
2615.0,2.0,3,174177.11706958085
3325.0,3.0,4,235037.76239875914
1982.0,1.5,2,131676.76079250022
2266.0,1.0,3,124643.6486210051
2334.0,2.0,3,155713.41354767868
998.0,1.0,3,41327.00781754617
2712.0,2.0,3,180550.70867678552
1734.0,2.0,3,116289.13556496942
2703.0,2.0,3,179959.34450704488
1726.0,1.0,2,101554.89547556099
3710.0,3.0,4,260335.00743766423
2614.0,1.5,3,160810.56989529307
1728.0,1.5,3,102594.05274082572
943.0,1.0,3,37713.11566913115
2076.0,2.0,2,151154.07105410795
2684.0,2.0,4,166317.81199859816
2560.0,2.0,4,158170.12788217157
2313.0,2.0,4,141940.4667792896
2927.0,2.0,4,182284.6445815954
2737.0,3.5,3,222095.9070590149
3294.0,2.0,3,218792.25832001353
4280.0,2.5,3,296880.32851591567
3294.0,2.0,3,218792.25832001353
3092.0,2.0,3,205519.4180658347
2989.0,2.0,3,198751.58367880294
2540.0,2.0,2,181642.17936073642
2674.0,2.5,3,191354.6777821972
2802.0,3.5,3,226366.87050714175
2709.0,2.5,0,230833.7184481713
2044.0,1.5,3,123357.50581171925
1943.0,3.5,3,169924.44586189627
1980.0,2.0,3,132453.0895378802
2194.0,2.5,3,159815.25539602977
2861.0,2.5,3,203641.91108680825
2606.0,3.5,3,213488.27303279005
2535.0,2.5,3,182221.3867162029
2827.0,3.5,3,228009.54875642125
1758.0,1.0,3,91264.42659564459
2040.0,2.0,3,136395.51733615113
2004.0,2.0,3,134030.06065718856
2080.0,1.5,3,125722.96249068182
1783.0,2.0,3,119508.78493355733
1743.0,1.0,3,90278.81964607685
1728.0,2.0,3,115894.89278514232
1260.0,1.0,3,58542.27586999588
3346.0,3.0,3,248810.70916714813
2911.0,3.5,3,233528.94767400058
2589.0,2.5,3,185769.5717346467
3148.0,2.0,3,209199.01734422092
3970.0,3.5,4,290719.70127448824
2852.0,3.5,3,229652.2270057008
2682.0,2.5,1,216666.52889995513
2214.0,2.5,3,161129.39799545342
2359.0,3.0,2,196350.8689245857
2660.0,2.0,3,177133.93791828403
2229.0,2.5,3,162115.00494502115
2304.0,2.5,3,167043.0396928598
1872.0,2.0,2,137749.8165399868
2176.0,1.0,2,131123.10396259296
2252.0,2.0,3,150325.42889004175
2358.0,1.0,2,143081.8016173481
2004.0,2.0,3,134030.06065718856
2233.0,2.5,5,137591.6393869174
2142.0,3.5,3,183000.1647261615
10190.0,4.0,2,737505.0838175459
1619.0,2.0,2,121125.91265727772
1920.0,2.0,2,140903.75877860354
1152.0,2.0,2,90440.68296073565
2390.0,2.0,4,146999.9157870706
1525.0,2.0,2,114949.44243998658
1536.0,1.0,2,89070.54078103638
1728.0,2.0,3,115894.89278514232
3888.0,4.0,6,273846.3625831794
2712.0,1.0,3,153949.02858815232
1949.0,2.0,2,142809.2655477678
1629.0,2.0,2,121782.98395698954
2021.0,1.0,3,108545.40177806545
2147.0,1.0,3,116824.50015443441
2569.0,2.5,4,172062.3320962288
1226.0,1.5,2,82002.17053428652
2685.0,2.0,4,166383.51912856934
2083.0,2.0,3,139220.92392491197
3120.0,1.5,3,194058.3776607112
2976.0,2.5,3,211198.2310334942
1561.0,1.0,2,90713.21903031593
3360.0,2.0,4,210735.83185911726
2024.0,2.0,1,160130.39733460068
3392.0,2.0,3,225231.55705718935
3005.0,2.5,2,225496.83484165272
1935.0,1.0,3,102894.58860054382
2537.0,2.0,3,169051.96093182865
2687.0,2.0,3,178908.03042750596
1632.0,1.0,2,95378.42525826987
640.0,1.0,1,42590.04936585145
2948.0,2.0,4,183664.49431099024
2146.0,2.0,3,143360.47311309644
1838.0,1.0,2,108914.09403233339
3198.0,3.5,2,264779.991014724
2300.0,3.0,2,192474.14825628593
2833.0,2.0,3,188501.27140329854
2818.0,2.5,1,225602.69857603588
2932.0,3.0,3,221607.9573590788
1770.0,1.5,3,105353.75219961535
1996.0,2.0,2,145897.50065641338
3002.0,3.0,2,238600.55349605577
2864.0,2.5,4,191445.93543772754
3378.0,2.0,3,224311.6572375928
3110.0,2.0,2,219095.24344431024
2505.0,2.5,3,180250.17281706742
2579.0,2.0,2,184204.75742961254
3844.0,3.0,2,293925.95693179115
2982.0,2.0,3,198291.6337690047
3608.0,4.5,5,281142.3032745592
3648.0,2.0,3,242052.582329812
2034.0,1.0,2,121792.69150668508
1856.0,2.5,0,174785.53658275295
1638.0,1.5,3,96680.41104341933
1522.0,2.0,2,114752.32105007303
1638.0,1.5,3,96680.41104341933
1638.0,1.5,3,96680.41104341933
1931.0,2.0,1,154019.63424728077
2600.0,4.0,3,226394.87029727956
2836.0,2.5,3,201999.2328375287
2148.0,2.5,3,156792.7274173554
1592.0,1.5,2,106050.98010373917
3004.0,1.0,3,173135.51053973747
2268.0,2.5,3,164677.58301389727
1632.0,2.0,2,121980.10534690309
1751.0,1.5,3,104105.31673016291
2471.0,3.0,2,203710.06748135807
2032.0,2.0,2,148262.95733537592
3414.0,1.5,3,213376.27387223876
3095.0,2.5,1,243803.57357805336
3702.0,2.0,3,245600.7673482558
2338.0,3.5,3,195878.7622005132
2452.0,2.5,3,176767.69492859475
2597.0,2.5,3,186295.22877441617
3138.0,2.5,4,209449.68904983148
3912.0,3.5,3,299301.78477515385
4749.0,2.5,4,315303.87543340586
2329.0,2.5,3,168685.71794213937
2395.0,2.0,2,172114.64551491503
4196.0,4.5,3,344564.28977560275
4918.0,3.5,5,340616.96344817453
3567.0,2.5,4,237638.04780746857
4548.0,3.5,4,328698.42239783145
4185.0,3.5,4,304846.7342182924
3428.0,3.0,2,266591.7908637794
3910.0,3.5,3,299170.3705152115
2090.0,2.0,2,152073.9708737045
2802.0,2.5,4,187372.09337951426
2130.0,2.0,2,154702.25607255177
3278.0,3.5,3,257643.4643734244
2550.0,3.0,3,196507.8337100872
2206.0,2.0,3,147302.90091136735
1738.0,1.5,3,103251.12404053754
2906.0,3.0,2,232292.66901882231
1617.0,1.5,3,95300.5613140245
2130.0,1.5,3,129008.31898924091
1524.0,1.5,3,89189.79822670456
1431.0,1.5,2,95472.13217837886
1617.0,1.5,3,95300.5613140245
2138.0,2.5,2,168528.75315663783
2330.0,2.0,3,155450.58502779395
2110.0,3.0,2,179989.79356176133
2311.0,2.5,3,167502.98960265808
4327.0,3.5,4,314177.1466742002
3236.0,2.0,2,227374.3418206792
3461.0,2.0,4,217372.25198620668
3736.0,3.0,2,286829.58689490345
3296.0,2.5,4,219831.41558527824
3697.0,3.5,3,285174.7518313497
3462.0,2.5,3,243131.89619948872
3443.0,2.5,4,229490.363691042
3882.0,3.5,4,284937.4738370242
3584.0,3.0,2,276842.1031392837
3560.0,3.0,2,275265.13201997534
3334.0,3.5,3,261323.0636518106
3125.0,3.0,2,246682.5304825112
3372.0,3.0,1,275305.28862438735
3332.0,3.0,2,260283.9063865459
2184.0,2.5,3,159158.18409631794
2230.0,2.5,3,162180.71207499233
2652.0,2.0,3,176608.28087851458
3425.0,2.5,4,228307.63535156072
2230.0,2.5,3,162180.71207499233
2584.0,3.0,2,211134.97316810166
2879.0,3.0,2,230518.5765096004
2913.0,3.0,2,232752.6189286206
2284.0,2.0,2,164821.1540881138
2446.0,2.5,3,176373.45214876768
2871.0,2.5,3,204298.98238652007
3357.0,3.5,4,250441.23060215355
3020.0,3.5,3,240691.0248408594
3394.0,3.5,3,265265.49145008146
4395.0,3.5,4,318645.2315122406
4068.0,2.5,4,270557.3199230308
5233.0,4.5,4,400309.48651672446
3784.0,3.5,4,278498.1750998483
4085.0,3.5,3,310669.11826016835
3064.0,2.5,3,216980.45847095823
3340.0,3.5,2,274110.4034706319
3008.0,2.0,3,200000.0191482554
2556.0,2.0,2,182693.49344027534
4676.0,4.5,3,376103.7121617702
2574.0,2.5,3,184783.96478507898
2284.0,1.5,3,139127.21700480295
2800.0,2.0,3,186332.93611424955
2262.0,1.5,3,137681.66014543697
2577.0,2.5,3,184981.08617499252
2369.0,2.5,3,171314.00314098664
2778.0,2.5,3,198188.21929920014
2567.0,3.5,3,210925.6949639139
2796.0,3.0,2,225064.8847219923
2434.0,2.0,2,174677.22358379114
1956.0,2.5,3,144176.95846288843
1976.0,2.0,3,132190.26101799548
1654.0,2.0,4,98639.4681282806
2075.0,1.0,2,124486.68383550356
1968.0,1.0,3,105062.92388959281
1791.0,1.0,3,93432.76188469358
1850.0,2.0,2,136304.25968062077
2048.0,1.5,3,123620.33433160398
1824.0,1.0,3,95601.0971737426
1853.0,1.0,3,97506.60394290686
4394.0,4.0,3,344273.46146558016
4160.0,3.5,3,315597.153008007
2286.0,1.5,1,164044.8253427338
1743.0,2.5,2,142574.4368180209
2280.0,2.5,2,177859.16561254568
1610.0,2.5,2,133835.38853185368
2263.0,2.5,3,164349.04736404135
3136.0,2.0,3,208410.53178456673
2346.0,3.0,2,195496.67623496032
2668.0,3.0,3,204261.2750466867
2102.0,2.0,3,140469.3593943644
2670.0,2.5,4,178698.7522233182
1952.0,2.0,2,143006.38693768135
1731.0,2.0,3,116092.01417505587
2102.0,2.0,3,140469.3593943644
2282.0,2.0,3,152296.6427891772
2752.0,3.0,3,209780.673964266
2496.0,2.5,3,179658.80864732678
2160.0,1.5,4,118586.43584938213
2496.0,2.0,3,166357.96860301017
1632.0,2.0,2,121980.10534690309
1981.0,1.0,2,118310.21361821244
2684.0,2.0,3,178710.9090375924
3068.0,2.0,2,216335.5439855206
2272.0,2.0,3,151639.57148946536
2432.0,1.5,3,148851.87224053792
1872.0,1.0,2,111148.13645135357
3168.0,2.0,4,198120.0629046503
2492.0,2.0,3,166095.14008312544
2016.0,1.0,2,120609.9631672038
2543.0,1.5,3,156145.36366733912
2457.0,1.5,3,150494.55048981745
2428.0,2.0,3,161889.8837649698
2248.0,2.0,3,150062.60037015702
2100.0,2.0,3,140337.94513442204
2016.0,2.0,2,147211.643255837
1791.0,1.5,2,119126.69896800444
1446.0,1.0,3,70763.80204463576
2010.0,1.0,2,120215.7203873767
2112.0,2.5,3,154427.27073839284
1768.0,2.0,2,130916.27502298384
2968.0,2.5,3,210672.57399372474
2399.0,2.0,2,172377.47403479976
4811.0,4.5,5,360187.9806298913
2096.0,1.5,3,126774.27657022071
1426.0,1.0,2,81842.75648420634
1430.0,1.0,2,82105.58500409107
1168.0,1.0,1,77283.41399063561
2258.0,2.0,3,150719.67166986884
2837.0,1.5,4,163070.1628398724
2229.0,1.5,3,135513.32485638795
2342.0,1.5,3,142938.23054313153
3086.0,3.0,3,231726.85537464084
1472.0,2.0,2,111466.96455151394
3886.0,4.0,3,310894.2394402197
2431.0,1.5,3,148786.16511056674
1040.0,2.0,2,83081.48440396327
3112.0,2.0,4,194440.4636262641
2300.0,1.0,3,126877.69104002527
2090.0,2.0,3,139680.87383471025
1728.0,1.5,3,102594.05274082572
2050.0,2.0,3,137052.58863586295
2730.0,2.0,5,156947.2429382783
2880.0,2.0,3,191589.5065119441
2804.0,1.0,4,147600.98750650682
2196.0,1.5,3,133344.98956733893
2140.0,2.0,4,130573.13329427509
1506.0,1.0,2,87099.32688190091
2889.0,2.0,4,179787.7736426905
2064.0,1.0,2,123763.90540582055
1688.0,1.0,2,99058.02453665606
1440.0,1.0,2,82762.6563038029
2114.0,1.0,2,127049.26190437964
1920.0,2.0,3,128510.66173960929
2382.0,1.5,5,120780.32166399033
984.0,2.0,1,91794.98216457131
1952.0,1.5,3,117312.4498543705
1638.0,1.0,2,95772.66803809696
3330.0,2.0,5,196371.52092098762
1872.0,2.0,2,137749.8165399868
1920.0,1.0,3,101908.98165097609
2040.0,1.0,2,122186.93428651217
2675.0,1.0,2,163910.96181821282
1890.0,2.0,3,126539.44784047382
2065.0,1.0,3,111436.51549679748
1632.0,1.0,2,95378.42525826987
4081.0,2.0,5,245717.57552934534
2026.0,2.0,3,135475.61751655457
1726.0,1.0,3,89161.79843656675
1429.0,1.0,2,82039.87787411989
1968.0,1.0,3,105062.92388959281
2228.0,2.0,3,148748.45777073337
3842.0,2.0,4,242406.66850522708
1640.0,1.0,3,83510.98525904509
1032.0,1.0,2,55954.147275560594
1709.0,1.0,2,100437.87426605089
2146.0,3.0,2,182355.2502407239
2128.0,1.5,3,128876.90472929855
1846.0,1.5,2,122740.59111641947
2118.0,2.0,3,141520.67347390333
2634.0,2.5,3,188726.3925833499
2000.0,2.0,3,133767.23213730386
3934.0,2.0,6,223665.53038458733
3898.0,2.0,6,221300.07370562476
1744.0,1.0,2,102737.62381504227
3695.0,2.0,2,257533.9144774518
2000.0,2.0,1,158553.42621529233
1592.0,2.0,2,119351.82014805579
1990.0,3.5,2,185405.7780095361
2317.0,1.5,3,141295.55229385197
1949.0,1.0,3,103814.48842014035
2681.0,2.0,4,166120.6906086846
5508.0,3.5,5,379384.17013117205
3336.0,2.5,3,234852.7978231198
1488.0,1.0,3,73523.5015034254
2114.0,1.5,3,127957.004909702
2609.0,1.5,5,135695.84016744868
3427.0,2.5,4,228439.04961150308
2784.0,4.0,2,250878.0792509713
3184.0,2.5,3,224865.31406750006
2416.0,2.0,2,173494.49524430986
3682.0,3.0,3,270888.3048374654
3160.0,3.5,2,262283.1200758192
2754.0,2.5,3,196611.24817989176
3228.0,2.0,3,214455.5877419155
2380.0,2.5,3,172036.78157066964
2776.0,3.0,3,211357.6450835744
2200.0,1.5,3,133607.81808722366
2280.0,2.5,3,165466.06857355143
2850.0,3.0,3,216219.97270144185
2591.0,2.5,3,185900.98599458908
2730.0,3.5,3,221635.9571492166
2063.0,1.5,3,124605.94128117172
2277.0,2.5,3,165268.94718363788
1728.0,1.0,3,89293.21269650912
2588.0,2.5,3,185703.86460467553
2595.0,3.5,3,212765.49460310704
2706.0,2.5,1,218243.5000192635
2781.0,2.5,4,185992.24365011943
3304.0,3.5,3,259351.84975267513
3114.0,2.5,4,207872.7179305231
2993.0,3.0,3,225616.09228732088
2925.0,3.5,4,222055.75045460288
1696.0,2.0,1,138578.45870405296
2780.0,3.0,3,211620.47360345913
2588.0,2.5,3,185703.86460467553
2395.0,2.5,3,173022.38852023738
2672.0,3.0,3,204524.10356657143
2112.0,3.0,3,167728.11078270944
1988.0,3.0,4,147187.32962728862
2352.0,2.0,2,169289.2389261542
2520.0,2.5,3,181235.77976663515
1828.0,2.0,2,134858.7028212548
3464.0,2.5,3,243263.3104594311
1619.0,2.0,2,121125.91265727772
2679.0,2.0,3,178382.3733877365
1560.0,1.0,3,78254.41486135051
2170.0,2.0,3,144937.4442324048
2762.0,1.5,4,158142.12809203376
2436.0,2.5,3,175716.38084905586
1828.0,1.0,3,95863.92569362733
996.0,1.0,1,65981.78763559229
1889.0,1.0,3,99872.06062186943
2609.0,3.0,3,200384.55437838697
2120.0,2.0,3,141652.0877338457
2103.0,2.0,3,140535.0665243356
2265.0,1.0,3,124577.94149103391
2454.0,1.5,4,137904.33206090966
2457.0,2.0,3,163795.39053413406
2112.0,1.0,4,102131.65356644877
2367.0,1.5,3,144580.90879241106
2618.0,1.5,2,173466.49545417205
2693.0,2.0,4,166909.1761683388
2246.0,1.5,3,136630.34606589805
2498.0,1.5,3,153188.54281863593
3483.0,3.0,4,245419.4889342059
1952.0,2.0,2,143006.38693768135
2146.0,1.5,3,130059.63306877983
1104.0,1.0,2,60685.0606334857
1282.0,1.0,2,72380.92976835612
2605.0,2.0,4,161126.94873087478
729.0,1.0,2,36044.88689429242
2056.0,2.0,4,125053.7343766958
1152.0,1.0,2,63839.00287210244
3351.0,4.0,2,288134.0219446315
3240.0,3.5,2,267539.6904735137
3250.0,2.5,3,229201.9846455981
3328.0,2.0,4,208633.20370003948
2982.0,2.0,3,198291.6337690047
2338.0,3.0,3,182577.9221561966
3282.0,2.0,2,230396.8697993536
2784.0,3.0,2,224276.39916233812
3688.0,3.0,3,271282.5476172925
3676.0,3.0,3,270494.0620576383
1600.0,1.5,3,94183.5401045144
2656.0,4.0,2,242467.56661465997
1568.0,1.5,3,92080.91194543659
1738.0,2.0,3,116551.96408485415
3304.0,2.0,4,207056.2325807311
1260.0,2.0,1,109930.15003661758
1638.0,1.5,3,96680.41104341933
2464.0,2.0,3,164255.34044393233
1638.0,1.5,3,96680.41104341933
1638.0,1.5,3,96680.41104341933
1638.0,1.5,3,96680.41104341933
1638.0,1.5,3,96680.41104341933
2448.0,2.0,4,150810.9293253992
1882.0,1.5,3,112712.95075638776
2996.0,2.5,3,212512.37363291782
